<?xml version="1.0" encoding="UTF-8"?>
<project-private xmlns="http://www.netbeans.org/ns/project-private/1">
    <editor-bookmarks xmlns="http://www.netbeans.org/ns/editor-bookmarks/2" lastBookmarkId="0"/>
    <open-files xmlns="http://www.netbeans.org/ns/projectui-open-files/2">
        <group>
            <file>file:/C:/Users/kaedo/OneDrive/Documents/NetBeansProjects/ST10293141_PROG_PART1_KAEDON_NAIDOO/src/st10293141_prog_part1_kaedon_naidoo/Register.java</file>
            <file>file:/C:/Users/kaedo/OneDrive/Documents/NetBeansProjects/ST10293141_PROG_PART1_KAEDON_NAIDOO/src/st10293141_prog_part1_kaedon_naidoo/Login.java</file>
            <file>file:/C:/Users/kaedo/OneDrive/Documents/NetBeansProjects/ST10293141_PROG_PART1_KAEDON_NAIDOO/test/st10293141_prog_part1_kaedon_naidoo/RegisterTest.java</file>
            <file>file:/C:/Users/kaedo/OneDrive/Documents/NetBeansProjects/ST10293141_PROG_PART1_KAEDON_NAIDOO/src/st10293141_prog_part1_kaedon_naidoo/ST10293141_PROG_PART1_KAEDON_NAIDOO.java</file>
        </group>
    </open-files>
</project-private>
